frame,t,match_frac,mean_mahal_sqrt,p95_mahal_sqrt,wrong_side_rate,color_confusions,n_obs
0,372.534000,0.667,0.006,0.007,0.000,0,18
1,372.544000,0.667,0.006,0.007,0.000,0,18
2,372.554000,0.667,0.006,0.007,0.000,0,18
3,372.564000,0.667,0.006,0.007,0.000,0,18
4,372.574000,0.667,0.006,0.007,0.000,0,18
5,372.584000,0.667,0.006,0.007,0.000,0,18
6,372.624000,0.667,0.006,0.007,0.000,0,18
7,372.634000,0.667,0.006,0.007,0.000,0,18
8,372.724000,0.667,0.006,0.007,0.000,0,18
9,372.744000,0.667,0.006,0.007,0.000,0,18
10,372.824000,0.667,0.006,0.007,0.000,0,18
11,372.904000,0.667,0.006,0.007,0.000,0,18
12,372.924000,0.667,0.006,0.007,0.000,0,18
13,373.024000,0.667,0.006,0.007,0.000,0,18
14,373.034000,0.667,0.006,0.007,0.000,0,18
15,373.124000,0.667,0.006,0.007,0.000,0,18
16,373.134000,0.667,0.006,0.007,0.000,0,18
17,373.144000,0.667,0.006,0.007,0.000,0,18
18,373.224000,0.667,0.006,0.007,0.000,0,18
19,373.324000,0.667,0.006,0.007,0.000,0,18
20,373.364000,0.667,0.006,0.007,0.000,0,18
21,373.424000,0.667,0.006,0.007,0.000,0,18
22,373.524000,0.667,0.006,0.007,0.000,0,18
23,373.604000,0.667,0.006,0.007,0.000,0,18
24,373.644000,0.667,0.006,0.007,0.000,0,18
25,373.724000,0.667,0.006,0.007,0.000,0,18
26,373.824000,0.667,0.006,0.007,0.000,0,18
27,373.884000,0.667,0.006,0.007,0.000,0,18
28,373.934000,0.667,0.006,0.007,0.000,0,18
29,374.024000,0.667,0.006,0.007,0.000,0,18
30,374.124000,0.667,0.006,0.007,0.000,0,18
31,374.164000,0.667,0.006,0.007,0.000,0,18
32,374.224000,0.667,0.006,0.007,0.000,0,18
33,374.324000,0.667,0.006,0.007,0.000,0,18
34,374.364000,0.667,0.006,0.007,0.000,0,18
35,374.424000,0.667,0.006,0.007,0.000,0,18
36,374.504000,0.667,0.006,0.007,0.000,0,18
37,374.524000,0.667,0.006,0.007,0.000,0,18
38,374.604000,0.667,0.006,0.007,0.000,0,18
39,374.624000,0.667,0.006,0.007,0.000,0,18
40,374.724000,0.667,0.006,0.007,0.000,0,18
41,374.774000,0.667,0.006,0.007,0.000,0,18
42,374.824000,0.667,0.006,0.007,0.000,0,18
43,374.924000,0.667,0.006,0.007,0.000,0,18
44,374.934000,0.667,0.006,0.007,0.000,0,18
45,374.944000,0.667,0.006,0.007,0.000,0,18
46,375.024000,0.667,0.006,0.007,0.000,0,18
47,375.034000,0.667,0.006,0.007,0.000,0,18
48,375.064000,0.667,0.006,0.007,0.000,0,18
49,375.124000,0.667,0.006,0.007,0.000,0,18
50,375.134000,0.667,0.006,0.007,0.000,0,18
51,375.224000,0.667,0.006,0.007,0.000,0,18
52,375.234000,0.667,0.006,0.007,0.000,0,18
53,375.324000,0.667,0.006,0.007,0.000,0,18
54,375.334000,0.667,0.006,0.007,0.000,0,18
55,375.424000,0.667,0.006,0.007,0.000,0,18
56,375.434000,0.667,0.006,0.007,0.000,0,18
57,375.524000,0.667,0.006,0.007,0.000,0,18
58,375.624000,0.667,0.006,0.007,0.000,0,18
59,375.634000,0.667,0.006,0.007,0.000,0,18
60,375.724000,0.667,0.006,0.007,0.000,0,18
61,375.734000,0.667,0.006,0.007,0.000,0,18
62,375.824000,0.667,0.006,0.007,0.000,0,18
63,375.834000,0.667,0.006,0.007,0.000,0,18
64,375.924000,0.667,0.006,0.007,0.000,0,18
65,375.934000,0.667,0.006,0.007,0.000,0,18
66,376.024000,0.667,0.006,0.007,0.000,0,18
67,376.034000,0.667,0.006,0.007,0.000,0,18
68,376.124000,0.667,0.006,0.007,0.000,0,18
69,376.194000,0.667,0.006,0.007,0.000,0,18
70,376.224000,0.667,0.006,0.007,0.000,0,18
71,376.324000,0.667,0.006,0.007,0.000,0,18
72,376.334000,0.667,0.006,0.007,0.000,0,18
73,376.424000,0.667,0.006,0.007,0.000,0,18
74,376.494000,0.667,0.006,0.007,0.000,0,18
75,376.524000,0.667,0.006,0.007,0.000,0,18
76,376.624000,0.667,0.006,0.007,0.000,0,18
77,376.664000,0.667,0.006,0.007,0.000,0,18
78,376.724000,0.667,0.006,0.007,0.000,0,18
79,376.824000,0.667,0.006,0.007,0.000,0,18
80,376.834000,0.667,0.006,0.007,0.000,0,18
81,376.924000,0.667,0.006,0.007,0.000,0,18
82,376.934000,0.667,0.006,0.007,0.000,0,18
83,377.024000,0.667,0.006,0.007,0.000,0,18
84,377.044000,0.667,0.006,0.007,0.000,0,18
85,377.124000,0.667,0.006,0.007,0.000,0,18
86,377.134000,0.667,0.006,0.007,0.000,0,18
87,377.204000,0.667,0.006,0.007,0.000,0,18
88,377.224000,0.667,0.006,0.007,0.000,0,18
89,377.244000,0.667,0.006,0.007,0.000,0,18
90,377.324000,0.667,0.006,0.007,0.000,0,18
91,377.404000,0.667,0.006,0.007,0.000,0,18
92,377.424000,0.667,0.006,0.007,0.000,0,18
93,377.524000,0.667,0.006,0.007,0.000,0,18
94,377.534000,0.667,0.006,0.007,0.000,0,18
95,377.624000,0.667,0.006,0.007,0.000,0,18
96,377.634000,0.667,0.006,0.007,0.000,0,18
97,377.644000,0.667,0.006,0.007,0.000,0,18
98,377.724000,0.667,0.006,0.007,0.000,0,18
99,377.734000,0.667,0.006,0.007,0.000,0,18
100,377.804000,0.667,0.006,0.007,0.000,0,18
101,377.824000,0.667,0.006,0.007,0.000,0,18
102,377.924000,0.667,0.006,0.007,0.000,0,18
103,377.934000,0.667,0.006,0.007,0.000,0,18
104,378.024000,0.667,0.006,0.007,0.000,0,18
105,378.034000,0.667,0.006,0.007,0.000,0,18
106,378.124000,0.667,0.006,0.007,0.000,0,18
107,378.174000,0.667,0.006,0.007,0.000,0,18
108,378.224000,0.667,0.006,0.007,0.000,0,18
109,378.324000,0.667,0.006,0.007,0.000,0,18
110,378.334000,0.667,0.006,0.007,0.000,0,18
111,378.424000,0.667,0.006,0.007,0.000,0,18
112,378.434000,0.667,0.006,0.007,0.000,0,18
113,378.534000,0.667,0.006,0.007,0.000,0,18
114,378.544000,0.667,0.006,0.007,0.000,0,18
115,378.554000,0.667,0.006,0.007,0.000,0,18
116,378.634000,0.667,0.006,0.007,0.000,0,18
117,378.644000,0.667,0.006,0.007,0.000,0,18
118,378.654000,0.667,0.006,0.007,0.000,0,18
119,378.724000,0.667,0.006,0.007,0.000,0,18
120,378.734000,0.667,0.006,0.007,0.000,0,18
121,378.824000,0.667,0.006,0.007,0.000,0,18
122,378.914000,0.667,0.006,0.007,0.000,0,18
123,378.934000,0.667,0.006,0.007,0.000,0,18
124,378.944000,0.667,0.006,0.007,0.000,0,18
125,379.034000,0.667,0.006,0.007,0.000,0,18
126,379.064000,0.667,0.006,0.007,0.000,0,18
127,379.124000,0.667,0.006,0.007,0.000,0,18
128,379.184000,0.667,0.006,0.007,0.000,0,18
129,379.224000,0.667,0.006,0.007,0.000,0,18
130,379.324000,0.667,0.006,0.007,0.000,0,18
131,379.334000,0.667,0.006,0.007,0.000,0,18
132,379.424000,0.667,0.006,0.007,0.000,0,18
133,379.434000,0.667,0.006,0.007,0.000,0,18
134,379.504000,0.667,0.006,0.007,0.000,0,18
135,379.524000,0.667,0.006,0.007,0.000,0,18
136,379.534000,0.667,0.006,0.007,0.000,0,18
137,379.624000,0.667,0.006,0.007,0.000,0,18
138,379.634000,0.667,0.006,0.007,0.000,0,18
139,379.664000,0.667,0.006,0.007,0.000,0,18
140,379.724000,0.667,0.006,0.007,0.000,0,18
141,379.804000,0.667,0.006,0.007,0.000,0,18
142,379.824000,0.667,0.006,0.007,0.000,0,18
143,379.924000,0.667,0.006,0.007,0.000,0,18
144,379.944000,0.667,0.006,0.007,0.000,0,18
145,380.024000,0.667,0.006,0.007,0.000,0,18
146,380.124000,0.667,0.006,0.007,0.000,0,18
147,380.174000,0.667,0.006,0.007,0.000,0,18
148,380.224000,0.667,0.006,0.007,0.000,0,18
149,380.324000,0.667,0.006,0.007,0.000,0,18
150,380.334000,0.667,0.006,0.007,0.000,0,18
151,380.424000,0.667,0.006,0.007,0.000,0,18
152,380.434000,0.667,0.006,0.007,0.000,0,18
153,380.444000,0.667,0.006,0.007,0.000,0,18
154,380.524000,0.667,0.006,0.007,0.000,0,18
155,380.624000,0.667,0.006,0.007,0.000,0,18
156,380.634000,0.667,0.006,0.007,0.000,0,18
157,380.724000,0.667,0.006,0.007,0.000,0,18
158,380.734000,0.667,0.006,0.007,0.000,0,18
159,380.824000,0.667,0.006,0.006,0.000,0,18
160,380.904000,0.667,0.008,0.012,0.000,0,18
161,380.924000,0.667,0.016,0.023,0.000,0,18
162,380.934000,0.667,0.021,0.029,0.000,0,18
163,381.024000,0.667,0.102,0.141,0.000,0,18
164,381.034000,0.667,0.115,0.160,0.000,0,18
165,381.114000,0.667,0.274,0.381,0.000,0,18
166,381.124000,0.667,0.300,0.418,0.000,0,18
167,381.224000,0.667,0.747,1.042,0.000,0,18
168,381.284000,0.667,1.231,1.715,0.000,0,18
169,381.324000,0.667,1.662,2.311,0.000,0,18
170,381.424000,0.278,2.000,2.834,0.000,0,18
171,381.434000,0.222,1.856,2.526,0.000,0,18
172,381.444000,0.222,1.947,2.652,0.000,0,18
173,381.454000,0.222,2.040,2.780,0.000,0,18
174,381.464000,0.167,1.858,2.533,0.000,0,18
175,381.474000,0.167,1.943,2.650,0.000,0,18
176,381.484000,0.167,2.028,2.771,0.000,0,18
177,381.494000,0.167,2.116,2.893,0.000,0,18
178,381.504000,0.111,1.751,2.101,0.000,0,18
179,381.514000,0.111,1.821,2.186,0.000,0,18
180,381.524000,0.111,1.894,2.272,0.000,0,18
181,381.534000,0.111,1.968,2.361,0.000,0,18
182,381.544000,0.111,2.043,2.451,0.000,0,18
183,381.554000,0.111,2.119,2.542,0.000,0,18
184,381.564000,0.111,2.198,2.636,0.000,0,18
185,381.574000,0.111,2.277,2.731,0.000,0,18
186,381.584000,0.111,2.358,2.828,0.000,0,18
187,381.594000,0.111,2.440,2.927,0.000,0,18
188,381.604000,0.056,1.966,1.966,0.000,0,18
189,381.614000,0.056,2.032,2.032,0.000,0,18
190,381.624000,0.056,2.100,2.100,0.000,0,18
191,381.634000,0.056,2.169,2.169,0.000,0,18
192,381.644000,0.056,2.239,2.239,0.000,0,18
193,381.654000,0.056,2.310,2.310,0.000,0,18
194,381.664000,0.056,2.383,2.383,0.000,0,18
195,381.674000,0.056,2.456,2.456,0.000,0,18
196,381.684000,0.056,2.531,2.531,0.000,0,18
197,381.694000,0.056,2.606,2.606,0.000,0,18
198,381.704000,0.056,2.683,2.683,0.000,0,18
199,381.714000,0.056,2.761,2.761,0.000,0,18
200,381.724000,0.056,2.840,2.840,0.000,0,18
201,381.734000,0.056,2.920,2.920,0.000,0,18
202,381.744000,0.056,3.001,3.001,0.000,0,18
203,381.754000,0.000,,,0.000,0,18
204,381.764000,0.000,,,0.000,0,18
205,381.774000,0.000,,,0.000,0,18
206,381.784000,0.000,,,0.000,0,18
207,381.794000,0.000,,,0.000,0,18
208,381.804000,0.000,,,0.000,0,18
209,381.814000,0.000,,,0.000,0,18
210,381.824000,0.000,,,0.000,0,18
211,381.834000,0.000,,,0.000,0,18
212,381.844000,0.000,,,0.000,0,18
213,381.854000,0.000,,,0.000,0,18
214,381.864000,0.000,,,0.000,0,18
215,381.874000,0.000,,,0.000,0,18
216,381.884000,0.000,,,0.000,0,18
217,381.894000,0.000,,,0.000,0,18
218,381.904000,0.000,,,0.000,0,18
219,381.914000,0.000,,,0.000,0,18
220,381.924000,0.000,,,0.000,0,18
221,381.934000,0.000,,,0.000,0,18
222,381.944000,0.000,,,0.000,0,18
223,381.954000,0.000,,,0.000,0,18
224,381.964000,0.000,,,0.000,0,18
225,381.974000,0.000,,,0.000,0,18
226,381.984000,0.000,,,0.000,0,18
227,381.994000,0.000,,,0.000,0,18
228,382.004000,0.000,,,0.000,0,18
229,382.014000,0.000,,,0.000,0,18
230,382.024000,0.000,,,0.000,0,18
231,382.034000,0.000,,,0.000,0,18
232,382.044000,0.000,,,0.000,0,18
233,382.054000,0.000,,,0.000,0,18
234,382.064000,0.000,,,0.000,0,18
235,382.074000,0.000,,,0.000,0,18
236,382.084000,0.000,,,0.000,0,18
237,382.094000,0.000,,,0.000,0,18
238,382.104000,0.000,,,0.000,0,18
239,382.114000,0.000,,,0.000,0,17
240,382.124000,0.000,,,0.000,0,17
241,382.134000,0.000,,,0.000,0,17
242,382.144000,0.000,,,0.000,0,17
243,382.154000,0.000,,,0.000,0,17
244,382.164000,0.000,,,0.000,0,17
245,382.174000,0.000,,,0.000,0,17
246,382.184000,0.000,,,0.000,0,17
247,382.194000,0.000,,,0.000,0,17
248,382.204000,0.000,,,0.000,0,17
249,382.214000,0.000,,,0.000,0,17
250,382.224000,0.000,,,0.000,0,17
251,382.234000,0.000,,,0.000,0,17
252,382.244000,0.000,,,0.000,0,18
253,382.254000,0.000,,,0.000,0,18
254,382.264000,0.000,,,0.000,0,18
255,382.274000,0.000,,,0.000,0,18
256,382.284000,0.000,,,0.000,0,18
257,382.294000,0.000,,,0.000,0,18
258,382.304000,0.000,,,0.000,0,18
259,382.314000,0.000,,,0.000,0,18
260,382.324000,0.000,,,0.000,0,18
261,382.334000,0.000,,,0.000,0,18
262,382.344000,0.000,,,0.000,0,18
263,382.354000,0.000,,,0.000,0,18
264,382.364000,0.000,,,0.000,0,18
265,382.374000,0.000,,,0.000,0,18
266,382.384000,0.000,,,0.000,0,18
267,382.394000,0.000,,,0.000,0,18
268,382.404000,0.000,,,0.000,0,18
269,382.414000,0.000,,,0.000,0,18
270,382.424000,0.000,,,0.000,0,18
271,382.434000,0.000,,,0.000,0,18
272,382.444000,0.000,,,0.000,0,18
273,382.454000,0.000,,,0.000,0,18
274,382.464000,0.000,,,0.000,0,18
275,382.474000,0.000,,,0.000,0,18
276,382.484000,0.000,,,0.000,0,18
277,382.494000,0.000,,,0.000,0,18
278,382.504000,0.000,,,0.000,0,18
279,382.514000,0.000,,,0.000,0,18
280,382.524000,0.000,,,0.000,0,18
281,382.534000,0.000,,,0.000,0,18
282,382.544000,0.000,,,0.000,0,18
283,382.554000,0.000,,,0.000,0,18
284,382.564000,0.000,,,0.000,0,18
285,382.574000,0.000,,,0.000,0,18
286,382.584000,0.056,2.779,2.779,0.000,0,18
287,382.594000,0.056,2.076,2.076,0.000,0,18
288,382.604000,0.056,1.394,1.394,0.000,0,18
289,382.614000,0.056,0.758,0.758,0.000,0,18
290,382.624000,0.056,0.401,0.401,0.000,0,18
291,382.634000,0.056,0.809,0.809,0.000,0,18
292,382.644000,0.056,1.418,1.418,0.000,0,18
293,382.654000,0.056,2.047,2.047,0.000,0,18
294,382.664000,0.056,2.673,2.673,0.000,0,18
295,382.674000,0.000,,,0.000,0,18
296,382.684000,0.000,,,0.000,0,18
297,382.694000,0.000,,,0.000,0,18
298,382.704000,0.000,,,0.000,0,18
299,382.714000,0.000,,,0.000,0,18
300,382.724000,0.000,,,0.000,0,18
301,382.734000,0.000,,,0.000,0,18
302,382.744000,0.000,,,0.000,0,18
303,382.754000,0.000,,,0.000,0,18
304,382.764000,0.000,,,0.000,0,18
305,382.774000,0.000,,,0.000,0,18
306,382.784000,0.000,,,0.000,0,18
307,382.794000,0.000,,,0.000,0,18
308,382.804000,0.000,,,0.000,0,18
309,382.814000,0.000,,,0.000,0,18
310,382.824000,0.000,,,0.000,0,18
311,382.834000,0.000,,,0.000,0,18
312,382.844000,0.000,,,0.000,0,17
313,382.854000,0.000,,,0.000,0,17
314,382.864000,0.000,,,0.000,0,16
315,382.874000,0.000,,,0.000,0,16
316,382.884000,0.000,,,0.000,0,16
317,382.894000,0.000,,,0.000,0,16
318,382.904000,0.000,,,0.000,0,16
319,382.914000,0.000,,,0.000,0,16
320,382.924000,0.000,,,0.000,0,16
321,382.934000,0.000,,,0.000,0,16
322,382.944000,0.000,,,0.000,0,16
323,382.954000,0.000,,,0.000,0,16
324,382.964000,0.000,,,0.000,0,16
325,382.974000,0.000,,,0.000,0,16
326,382.984000,0.000,,,0.000,0,16
327,382.994000,0.000,,,0.000,0,16
328,383.004000,0.000,,,0.000,0,16
329,383.014000,0.000,,,0.000,0,16
330,383.024000,0.000,,,0.000,0,16
331,383.034000,0.000,,,0.000,0,16
332,383.044000,0.000,,,0.000,0,16
333,383.054000,0.000,,,0.000,0,16
334,383.064000,0.000,,,0.000,0,16
335,383.074000,0.000,,,0.000,0,16
336,383.084000,0.000,,,0.000,0,16
337,383.094000,0.000,,,0.000,0,16
338,383.104000,0.000,,,0.000,0,16
339,383.114000,0.000,,,0.000,0,16
340,383.124000,0.000,,,0.000,0,16
341,383.134000,0.000,,,0.000,0,16
342,383.144000,0.000,,,0.000,0,16
343,383.154000,0.000,,,0.000,0,16
344,383.164000,0.000,,,0.000,0,16
345,383.174000,0.000,,,0.000,0,16
346,383.184000,0.000,,,0.000,0,17
347,383.194000,0.000,,,0.000,0,17
348,383.204000,0.000,,,0.000,0,17
349,383.214000,0.000,,,0.000,0,17
350,383.224000,0.000,,,0.000,0,17
351,383.234000,0.000,,,0.000,0,17
352,383.244000,0.000,,,0.000,0,17
353,383.254000,0.000,,,0.000,0,17
354,383.264000,0.000,,,0.000,0,17
355,383.274000,0.000,,,0.000,0,17
356,383.284000,0.000,,,0.000,0,17
357,383.294000,0.000,,,0.000,0,17
358,383.304000,0.000,,,0.000,0,17
359,383.314000,0.000,,,0.000,0,17
360,383.324000,0.000,,,0.000,0,17
361,383.334000,0.000,,,0.000,0,17
362,383.344000,0.000,,,0.000,0,17
363,383.354000,0.059,2.993,2.993,0.000,0,17
364,383.364000,0.059,2.778,2.778,0.000,0,17
365,383.374000,0.059,2.562,2.562,0.000,0,17
366,383.384000,0.059,2.344,2.344,0.000,0,17
367,383.394000,0.059,2.127,2.127,0.000,0,17
368,383.404000,0.059,1.908,1.908,0.000,0,17
369,383.414000,0.059,1.688,1.688,0.000,0,17
370,383.424000,0.059,1.468,1.468,0.000,0,17
371,383.434000,0.059,1.247,1.247,0.000,0,17
372,383.444000,0.059,1.026,1.026,0.000,0,17
373,383.454000,0.059,0.805,0.805,0.000,0,17
374,383.464000,0.059,0.586,0.586,0.000,0,17
375,383.474000,0.059,0.371,0.371,0.000,0,17
376,383.484000,0.059,0.185,0.185,0.000,0,17
377,383.494000,0.059,0.184,0.184,0.000,0,17
378,383.504000,0.059,0.371,0.371,0.000,0,17
379,383.514000,0.059,0.589,0.589,0.000,0,17
380,383.524000,0.059,0.814,0.814,0.000,0,17
381,383.534000,0.667,0.006,0.006,0.000,0,18
382,383.544000,0.667,0.005,0.005,0.000,0,18
383,383.554000,0.667,0.004,0.004,0.000,0,18
384,383.564000,0.667,0.004,0.005,0.000,0,18
385,383.574000,0.667,0.007,0.008,0.000,0,18
386,383.604000,0.667,0.024,0.024,0.000,0,18
387,383.624000,0.667,0.040,0.041,0.000,0,18
388,383.634000,0.667,0.049,0.050,0.000,0,18
389,383.724000,0.667,0.177,0.177,0.000,0,18
390,383.744000,0.667,0.188,0.189,0.000,0,18
391,383.824000,0.667,0.188,0.189,0.000,0,18
392,383.864000,0.667,0.188,0.189,0.000,0,18
393,383.924000,0.667,0.188,0.189,0.000,0,18
394,383.994000,0.667,0.188,0.189,0.000,0,18
395,384.024000,0.667,0.188,0.189,0.000,0,18
396,384.114000,0.667,0.188,0.189,0.000,0,18
397,384.124000,0.667,0.188,0.189,0.000,0,18
398,384.214000,0.667,0.188,0.189,0.000,0,18
399,384.224000,0.667,0.188,0.189,0.000,0,18
400,384.234000,0.667,0.188,0.189,0.000,0,18
401,384.324000,0.667,0.188,0.189,0.000,0,18
402,384.334000,0.667,0.188,0.189,0.000,0,18
403,384.344000,0.667,0.188,0.189,0.000,0,18
404,384.424000,0.667,0.188,0.189,0.000,0,18
405,384.434000,0.667,0.188,0.189,0.000,0,18
406,384.524000,0.667,0.188,0.189,0.000,0,18
407,384.534000,0.667,0.188,0.189,0.000,0,18
408,384.624000,0.667,0.188,0.189,0.000,0,18
409,384.714000,0.667,0.228,0.229,0.000,0,18
410,384.724000,0.667,0.237,0.238,0.000,0,18
411,384.824000,0.667,0.379,0.379,0.000,0,18
412,384.834000,0.667,0.398,0.399,0.000,0,18
413,384.844000,0.667,0.418,0.419,0.000,0,18
414,384.934000,0.667,0.641,0.642,0.000,0,18
415,385.024000,0.667,0.938,0.939,0.000,0,18
416,385.034000,0.667,0.976,0.977,0.000,0,18
417,385.124000,0.667,1.358,1.358,0.000,0,18
418,385.134000,0.667,1.406,1.406,0.000,0,18
419,385.154000,0.667,1.505,1.506,0.000,0,18
420,385.224000,0.611,1.902,1.903,0.000,0,18
421,385.284000,0.167,2.301,2.301,0.000,0,18
422,385.314000,0.111,2.520,2.520,0.000,0,18
423,385.324000,0.056,2.597,2.597,0.000,0,18
424,385.334000,0.056,2.674,2.674,0.000,0,18
425,385.344000,0.056,2.754,2.754,0.000,0,18
426,385.354000,0.056,2.834,2.834,0.000,0,18
427,385.364000,0.056,2.917,2.917,0.000,0,18
428,385.374000,0.056,3.000,3.000,0.000,0,18
429,385.384000,0.000,,,0.000,0,18
430,385.394000,0.000,,,0.000,0,18
431,385.404000,0.000,,,0.000,0,18
432,385.414000,0.000,,,0.000,0,18
433,385.424000,0.000,,,0.000,0,18
434,385.434000,0.000,,,0.000,0,18
435,385.444000,0.000,,,0.000,0,18
436,385.454000,0.000,,,0.000,0,18
437,385.464000,0.000,,,0.000,0,18
438,385.474000,0.000,,,0.000,0,18
439,385.484000,0.000,,,0.000,0,18
440,385.494000,0.000,,,0.000,0,18
441,385.504000,0.000,,,0.000,0,18
442,385.514000,0.000,,,0.000,0,18
443,385.524000,0.000,,,0.000,0,18
444,385.534000,0.000,,,0.000,0,18
445,385.544000,0.000,,,0.000,0,18
446,385.554000,0.000,,,0.000,0,18
447,385.564000,0.000,,,0.000,0,18
448,385.574000,0.000,,,0.000,0,18
449,385.584000,0.000,,,0.000,0,18
450,385.594000,0.000,,,0.000,0,18
451,385.604000,0.000,,,0.000,0,18
452,385.614000,0.000,,,0.000,0,18
453,385.624000,0.000,,,0.000,0,18
454,385.634000,0.000,,,0.000,0,18
455,385.644000,0.000,,,0.000,0,18
456,385.654000,0.000,,,0.000,0,18
457,385.664000,0.000,,,0.000,0,18
458,385.674000,0.000,,,0.000,0,18
459,385.684000,0.000,,,0.000,0,18
460,385.694000,0.000,,,0.000,0,18
461,385.704000,0.000,,,0.000,0,18
462,385.714000,0.000,,,0.000,0,18
463,385.724000,0.000,,,0.000,0,18
464,385.734000,0.000,,,0.000,0,18
465,385.744000,0.000,,,0.000,0,18
466,385.754000,0.000,,,0.000,0,18
467,385.764000,0.000,,,0.000,0,18
468,385.774000,0.000,,,0.000,0,18
469,385.784000,0.000,,,0.000,0,18
470,385.794000,0.000,,,0.000,0,18
471,385.804000,0.000,,,0.000,0,18
472,385.814000,0.000,,,0.000,0,18
473,385.824000,0.000,,,0.000,0,18
474,385.834000,0.000,,,0.000,0,18
475,385.844000,0.000,,,0.000,0,18
476,385.854000,0.000,,,0.000,0,18
477,385.864000,0.000,,,0.000,0,18
478,385.874000,0.000,,,0.000,0,18
479,385.884000,0.000,,,0.000,0,18
480,385.894000,0.000,,,0.000,0,18
481,385.904000,0.000,,,0.000,0,18
482,385.914000,0.000,,,0.000,0,18
483,385.924000,0.000,,,0.000,0,18
484,385.934000,0.000,,,0.000,0,18
485,385.944000,0.000,,,0.000,0,18
486,385.954000,0.000,,,0.000,0,18
487,385.964000,0.000,,,0.000,0,18
488,385.974000,0.000,,,0.000,0,18
489,385.984000,0.000,,,0.000,0,18
490,385.994000,0.000,,,0.000,0,18
491,386.004000,0.000,,,0.000,0,18
492,386.014000,0.000,,,0.000,0,18
493,386.024000,0.000,,,0.000,0,18
494,386.034000,0.000,,,0.000,0,18
495,386.044000,0.000,,,0.000,0,18
496,386.054000,0.000,,,0.000,0,18
497,386.064000,0.000,,,0.000,0,18
498,386.074000,0.000,,,0.000,0,18
499,386.084000,0.000,,,0.000,0,18
500,386.094000,0.000,,,0.000,0,18
501,386.104000,0.000,,,0.000,0,18
502,386.114000,0.000,,,0.000,0,18
503,386.124000,0.000,,,0.000,0,18
504,386.134000,0.000,,,0.000,0,18
505,386.144000,0.000,,,0.000,0,18
506,386.154000,0.000,,,0.000,0,18
507,386.164000,0.000,,,0.000,0,18
508,386.174000,0.000,,,0.000,0,18
509,386.184000,0.000,,,0.000,0,18
510,386.194000,0.000,,,0.000,0,18
511,386.204000,0.000,,,0.000,0,18
512,386.214000,0.000,,,0.000,0,18
513,386.224000,0.000,,,0.000,0,18
514,386.234000,0.000,,,0.000,0,18
515,386.244000,0.000,,,0.000,0,18
516,386.254000,0.000,,,0.000,0,18
517,386.264000,0.000,,,0.000,0,18
518,386.274000,0.000,,,0.000,0,18
519,386.284000,0.000,,,0.000,0,18
520,386.294000,0.000,,,0.000,0,18
521,386.304000,0.000,,,0.000,0,18
522,386.314000,0.000,,,0.000,0,18
523,386.324000,0.000,,,0.000,0,18
524,386.334000,0.000,,,0.000,0,18
525,386.344000,0.000,,,0.000,0,18
526,386.354000,0.000,,,0.000,0,18
527,386.364000,0.000,,,0.000,0,18
528,386.374000,0.000,,,0.000,0,18
529,386.384000,0.000,,,0.000,0,18
530,386.394000,0.000,,,0.000,0,18
531,386.404000,0.000,,,0.000,0,18
532,386.414000,0.000,,,0.000,0,18
533,386.424000,0.000,,,0.000,0,18
534,386.434000,0.000,,,0.000,0,18
535,386.444000,0.000,,,0.000,0,18
536,386.454000,0.000,,,0.000,0,18
537,386.464000,0.000,,,0.000,0,18
538,386.474000,0.000,,,0.000,0,18
539,386.484000,0.000,,,0.000,0,18
540,386.494000,0.000,,,0.000,0,18
541,386.504000,0.000,,,0.000,0,18
542,386.514000,0.000,,,0.000,0,18
543,386.524000,0.000,,,0.000,0,18
544,386.534000,0.000,,,0.000,0,18
545,386.544000,0.000,,,0.000,0,18
546,386.554000,0.000,,,0.000,0,18
547,386.564000,0.000,,,0.000,0,18
548,386.574000,0.000,,,0.000,0,18
549,386.584000,0.000,,,0.000,0,18
550,386.594000,0.000,,,0.000,0,18
551,386.604000,0.000,,,0.000,0,18
552,386.614000,0.000,,,0.000,0,18
553,386.624000,0.000,,,0.000,0,18
554,386.634000,0.000,,,0.000,0,18
555,386.644000,0.000,,,0.000,0,18
556,386.654000,0.000,,,0.000,0,18
557,386.664000,0.000,,,0.000,0,18
558,386.674000,0.000,,,0.000,0,18
559,386.684000,0.000,,,0.000,0,18
560,386.694000,0.000,,,0.000,0,18
561,386.704000,0.000,,,0.000,0,18
562,386.714000,0.000,,,0.000,0,18
563,386.724000,0.000,,,0.000,0,18
564,386.734000,0.000,,,0.000,0,18
565,386.744000,0.000,,,0.000,0,18
566,386.754000,0.000,,,0.000,0,18
567,386.764000,0.000,,,0.000,0,18
568,386.774000,0.000,,,0.000,0,18
569,386.784000,0.000,,,0.000,0,18
570,386.794000,0.000,,,0.000,0,18
571,386.804000,0.000,,,0.000,0,20
572,386.814000,0.000,,,0.000,0,20
573,386.824000,0.000,,,0.000,0,20
574,386.834000,0.000,,,0.000,0,20
575,386.844000,0.000,,,0.000,0,20
576,386.854000,0.000,,,0.000,0,18
577,386.864000,0.000,,,0.000,0,18
578,386.874000,0.000,,,0.000,0,18
579,386.884000,0.000,,,0.000,0,16
580,386.894000,0.000,,,0.000,0,16
581,386.904000,0.000,,,0.000,0,16
582,386.914000,0.000,,,0.000,0,16
583,386.924000,0.000,,,0.000,0,16
584,386.934000,0.000,,,0.000,0,16
585,386.944000,0.000,,,0.000,0,16
586,386.954000,0.000,,,0.000,0,16
587,386.964000,0.000,,,0.000,0,16
588,386.974000,0.000,,,0.000,0,16
589,386.984000,0.000,,,0.000,0,16
590,386.994000,0.000,,,0.000,0,16
591,387.004000,0.000,,,0.000,0,16
592,387.014000,0.000,,,0.000,0,16
593,387.024000,0.000,,,0.000,0,16
594,387.034000,0.000,,,0.000,0,16
595,387.044000,0.000,,,0.000,0,16
596,387.054000,0.000,,,0.000,0,16
597,387.064000,0.000,,,0.000,0,16
598,387.074000,0.000,,,0.000,0,16
599,387.084000,0.000,,,0.000,0,16
600,387.094000,0.000,,,0.000,0,16
601,387.104000,0.000,,,0.000,0,16
602,387.114000,0.000,,,0.000,0,16
603,387.124000,0.000,,,0.000,0,16
604,387.134000,0.000,,,0.000,0,16
605,387.144000,0.000,,,0.000,0,16
606,387.154000,0.000,,,0.000,0,16
607,387.164000,0.000,,,0.000,0,16
608,387.174000,0.000,,,0.000,0,16
609,387.184000,0.000,,,0.000,0,16
610,387.194000,0.000,,,0.000,0,16
611,387.204000,0.000,,,0.000,0,16
612,387.214000,0.000,,,0.000,0,16
613,387.224000,0.000,,,0.000,0,16
614,387.234000,0.000,,,0.000,0,16
615,387.244000,0.000,,,0.000,0,16
616,387.254000,0.000,,,0.000,0,16
617,387.264000,0.000,,,0.000,0,16
618,387.274000,0.000,,,0.000,0,16
619,387.284000,0.000,,,0.000,0,16
620,387.294000,0.000,,,0.000,0,16
621,387.304000,0.000,,,0.000,0,16
622,387.314000,0.000,,,0.000,0,16
623,387.324000,0.000,,,0.000,0,16
624,387.334000,0.000,,,0.000,0,16
625,387.344000,0.000,,,0.000,0,16
626,387.354000,0.000,,,0.000,0,16
627,387.364000,0.000,,,0.000,0,16
628,387.374000,0.000,,,0.000,0,16
629,387.384000,0.000,,,0.000,0,16
630,387.394000,0.000,,,0.000,0,16
631,387.404000,0.000,,,0.000,0,16
632,387.414000,0.000,,,0.000,0,16
633,387.424000,0.000,,,0.000,0,18
634,387.434000,0.000,,,0.000,0,18
635,387.444000,0.000,,,0.000,0,18
636,387.454000,0.000,,,0.000,0,18
637,387.464000,0.000,,,0.000,0,18
638,387.474000,0.000,,,0.000,0,18
639,387.484000,0.000,,,0.000,0,18
640,387.494000,0.000,,,0.000,0,18
641,387.504000,0.000,,,0.000,0,18
642,387.514000,0.000,,,0.000,0,18
643,387.524000,0.000,,,0.000,0,18
644,387.534000,0.000,,,0.000,0,18
645,387.544000,0.000,,,0.000,0,18
646,387.554000,0.000,,,0.000,0,18
647,387.564000,0.056,2.714,2.714,0.000,1,18
648,387.574000,0.111,2.303,2.303,0.000,2,18
649,387.584000,0.111,1.891,1.891,0.000,2,18
650,387.594000,0.111,1.477,1.477,0.000,2,18
651,387.604000,0.111,1.062,1.062,0.000,2,18
652,387.614000,0.111,0.645,0.645,0.000,2,18
653,387.624000,0.111,0.227,0.227,0.000,2,18
654,387.634000,0.111,0.192,0.192,0.000,2,18
655,387.644000,0.111,0.613,0.613,0.000,2,18
656,387.654000,0.111,1.035,1.035,0.000,2,18
657,387.664000,0.111,1.459,1.459,0.000,2,18
658,387.674000,0.111,1.885,1.885,0.000,2,18
659,387.684000,0.111,2.312,2.312,0.000,2,18
660,387.694000,0.056,2.740,2.740,0.000,1,18
661,387.704000,0.000,,,0.000,0,18
662,387.714000,0.000,,,0.000,0,18
663,387.724000,0.000,,,0.000,0,18
664,387.734000,0.000,,,0.000,0,18
665,387.744000,0.000,,,0.000,0,18
666,387.754000,0.000,,,0.000,0,18
667,387.764000,0.000,,,0.000,0,18
668,387.774000,0.000,,,0.000,0,18
669,387.784000,0.000,,,0.000,0,18
670,387.794000,0.000,,,0.000,0,18
671,387.804000,0.000,,,0.000,0,18
672,387.814000,0.000,,,0.000,0,18
673,387.824000,0.000,,,0.000,0,18
674,387.834000,0.000,,,0.000,0,18
675,387.844000,0.000,,,0.000,0,16
676,387.854000,0.000,,,0.000,0,16
677,387.864000,0.000,,,0.000,0,16
678,387.874000,0.000,,,0.000,0,16
679,387.884000,0.000,,,0.000,0,16
680,387.894000,0.000,,,0.000,0,16
681,387.904000,0.000,,,0.000,0,16
682,387.914000,0.000,,,0.000,0,16
683,387.924000,0.000,,,0.000,0,16
684,387.934000,0.000,,,0.000,0,16
685,387.944000,0.000,,,0.000,0,16
686,387.954000,0.000,,,0.000,0,16
687,387.964000,0.000,,,0.000,0,16
688,387.974000,0.000,,,0.000,0,16
689,387.984000,0.000,,,0.000,0,16
690,387.994000,0.000,,,0.000,0,16
691,388.004000,0.000,,,0.000,0,16
692,388.014000,0.000,,,0.000,0,16
693,388.024000,0.000,,,0.000,0,16
694,388.034000,0.000,,,0.000,0,16
695,388.044000,0.000,,,0.000,0,16
696,388.054000,0.000,,,0.000,0,16
697,388.064000,0.000,,,0.000,0,16
698,388.074000,0.000,,,0.000,0,16
699,388.084000,0.000,,,0.000,0,16
700,388.094000,0.000,,,0.000,0,16
701,388.104000,0.000,,,0.000,0,16
702,388.114000,0.000,,,0.000,0,16
703,388.124000,0.000,,,0.000,0,16
704,388.134000,0.000,,,0.000,0,16
705,388.144000,0.000,,,0.000,0,16
706,388.154000,0.000,,,0.000,0,16
707,388.164000,0.000,,,0.000,0,16
708,388.174000,0.000,,,0.000,0,16
709,388.184000,0.000,,,0.000,0,16
710,388.194000,0.000,,,0.000,0,16
711,388.204000,0.000,,,0.000,0,16
712,388.214000,0.000,,,0.000,0,16
713,388.224000,0.000,,,0.000,0,16
714,388.234000,0.000,,,0.000,0,16
715,388.244000,0.000,,,0.000,0,16
716,388.254000,0.000,,,0.000,0,16
717,388.264000,0.000,,,0.000,0,16
718,388.274000,0.000,,,0.000,0,16
719,388.284000,0.000,,,0.000,0,16
720,388.294000,0.000,,,0.000,0,16
721,388.304000,0.000,,,0.000,0,14
722,388.314000,0.000,,,0.000,0,14
723,388.324000,0.000,,,0.000,0,14
724,388.334000,0.000,,,0.000,0,14
725,388.344000,0.000,,,0.000,0,14
726,388.354000,0.000,,,0.000,0,14
727,388.364000,0.000,,,0.000,0,14
728,388.374000,0.000,,,0.000,0,12
729,388.384000,0.000,,,0.000,0,12
730,388.394000,0.000,,,0.000,0,12
731,388.404000,0.000,,,0.000,0,12
732,388.414000,0.083,2.603,2.603,0.000,0,12
733,388.424000,0.167,2.069,2.069,0.000,0,12
734,388.434000,0.167,1.533,1.533,0.000,0,12
735,388.444000,0.167,0.996,0.996,0.000,0,12
736,388.454000,0.167,0.458,0.458,0.000,0,12
737,388.464000,0.167,0.082,0.082,0.000,0,12
738,388.474000,0.167,0.624,0.624,0.000,0,12
739,388.484000,0.167,1.166,1.166,0.000,0,12
740,388.494000,0.167,1.710,1.710,0.000,0,12
741,388.504000,0.167,2.256,2.256,0.000,0,12
742,388.514000,0.083,2.803,2.803,0.000,0,12
743,388.524000,0.000,,,0.000,0,12
744,388.534000,0.000,,,0.000,0,12
745,388.544000,0.000,,,0.000,0,12
746,388.554000,0.000,,,0.000,0,12
747,388.564000,0.000,,,0.000,0,12
748,388.574000,0.000,,,0.000,0,12
749,388.584000,0.000,,,0.000,0,12
750,388.594000,0.000,,,0.000,0,12
751,388.604000,0.000,,,0.000,0,12
752,388.614000,0.000,,,0.000,0,12
753,388.624000,0.000,,,0.000,0,12
754,388.634000,0.000,,,0.000,0,12
755,388.644000,0.000,,,0.000,0,12
756,388.654000,0.000,,,0.000,0,12
757,388.664000,0.000,,,0.000,0,12
758,388.674000,0.000,,,0.000,0,14
759,388.684000,0.000,,,0.000,0,14
760,388.694000,0.000,,,0.000,0,14
761,388.704000,0.000,,,0.000,0,14
762,388.714000,0.071,2.673,2.673,0.000,0,14
763,388.724000,0.143,2.096,2.096,0.000,0,14
764,388.734000,0.143,1.518,1.518,0.000,0,14
765,388.744000,0.143,0.938,0.938,0.000,0,14
766,388.754000,0.143,0.356,0.356,0.000,0,14
767,388.764000,0.143,0.227,0.227,0.000,0,14
768,388.774000,0.143,0.811,0.811,0.000,0,14
769,388.784000,0.143,1.397,1.397,0.000,0,14
770,388.794000,0.143,1.984,1.984,0.000,0,14
771,388.804000,0.143,2.572,2.572,0.000,0,14
772,388.814000,0.000,,,0.000,0,14
773,388.824000,0.000,,,0.000,0,14
774,388.834000,0.000,,,0.000,0,14
775,388.844000,0.000,,,0.000,0,14
776,388.854000,0.000,,,0.000,0,14
777,388.864000,0.000,,,0.000,0,14
778,388.874000,0.000,,,0.000,0,14
779,388.884000,0.000,,,0.000,0,14
780,388.894000,0.000,,,0.000,0,14
781,388.904000,0.000,,,0.000,0,14
782,388.914000,0.000,,,0.000,0,14
783,388.924000,0.000,,,0.000,0,14
784,388.934000,0.000,,,0.000,0,14
785,388.944000,0.000,,,0.000,0,12
786,388.954000,0.000,,,0.000,0,12
787,388.964000,0.000,,,0.000,0,12
788,388.974000,0.000,,,0.000,0,12
789,388.984000,0.000,,,0.000,0,12
790,388.994000,0.000,,,0.000,0,12
791,389.004000,0.000,,,0.000,0,12
792,389.014000,0.000,,,0.000,0,12
793,389.024000,0.000,,,0.000,0,10
794,389.034000,0.000,,,0.000,0,10
795,389.044000,0.000,,,0.000,0,10
796,389.054000,0.000,,,0.000,0,10
797,389.064000,0.000,,,0.000,0,10
798,389.074000,0.000,,,0.000,0,10
799,389.084000,0.000,,,0.000,0,10
800,389.094000,0.000,,,0.000,0,10
801,389.104000,0.000,,,0.000,0,8
802,389.114000,0.000,,,0.000,0,8
803,389.124000,0.000,,,0.000,0,8
804,389.134000,0.000,,,0.000,0,8
805,389.144000,0.000,,,0.000,0,8
806,389.154000,0.000,,,0.000,0,8
807,389.164000,0.000,,,0.000,0,8
808,389.174000,0.000,,,0.000,0,8
809,389.184000,0.000,,,0.000,0,8
810,389.194000,0.000,,,0.000,0,8
811,389.204000,0.000,,,0.000,0,8
812,389.214000,0.000,,,0.000,0,8
813,389.224000,0.000,,,0.000,0,8
814,389.234000,0.000,,,0.000,0,8
815,389.244000,0.000,,,0.000,0,8
816,389.254000,0.000,,,0.000,0,8
817,389.264000,0.000,,,0.000,0,8
818,389.274000,0.000,,,0.000,0,8
819,389.284000,0.000,,,0.000,0,8
820,389.294000,0.000,,,0.000,0,8
821,389.304000,0.000,,,0.000,0,8
822,389.314000,0.000,,,0.000,0,8
823,389.324000,0.000,,,0.000,0,8
824,389.334000,0.000,,,0.000,0,8
825,389.344000,0.000,,,0.000,0,8
826,389.354000,0.000,,,0.000,0,8
827,389.364000,0.000,,,0.000,0,8
828,389.374000,0.000,,,0.000,0,8
829,389.384000,0.000,,,0.000,0,8
830,389.394000,0.000,,,0.000,0,8
831,389.404000,0.000,,,0.000,0,8
832,389.414000,0.000,,,0.000,0,8
833,389.424000,0.000,,,0.000,0,8
834,389.434000,0.000,,,0.000,0,8
835,389.444000,0.000,,,0.000,0,8
836,389.454000,0.000,,,0.000,0,8
837,389.464000,0.000,,,0.000,0,8
838,389.474000,0.000,,,0.000,0,8
839,389.484000,0.000,,,0.000,0,8
840,389.494000,0.000,,,0.000,0,8
841,389.504000,0.000,,,0.000,0,8
842,389.514000,0.000,,,0.000,0,8
843,389.524000,0.000,,,0.000,0,8
844,389.534000,0.000,,,0.000,0,8
845,389.544000,0.000,,,0.000,0,8
846,389.554000,0.000,,,0.000,0,10
847,389.564000,0.000,,,0.000,0,10
848,389.574000,0.000,,,0.000,0,10
849,389.584000,0.000,,,0.000,0,10
850,389.594000,0.000,,,0.000,0,10
851,389.604000,0.000,,,0.000,0,10
852,389.614000,0.000,,,0.000,0,10
853,389.624000,0.000,,,0.000,0,10
854,389.634000,0.000,,,0.000,0,10
855,389.644000,0.000,,,0.000,0,10
856,389.654000,0.000,,,0.000,0,10
857,389.664000,0.000,,,0.000,0,10
858,389.674000,0.000,,,0.000,0,10
859,389.684000,0.000,,,0.000,0,10
860,389.694000,0.000,,,0.000,0,10
861,389.704000,0.000,,,0.000,0,10
862,389.714000,0.000,,,0.000,0,10
863,389.724000,0.000,,,0.000,0,10
864,389.734000,0.000,,,0.000,0,10
865,389.744000,0.000,,,0.000,0,10
866,389.754000,0.000,,,0.000,0,10
867,389.764000,0.000,,,0.000,0,10
868,389.774000,0.000,,,0.000,0,10
869,389.784000,0.000,,,0.000,0,10
870,389.794000,0.000,,,0.000,0,10
871,389.804000,0.000,,,0.000,0,10
872,389.814000,0.000,,,0.000,0,10
873,389.824000,0.000,,,0.000,0,10
874,389.834000,0.000,,,0.000,0,10
875,389.844000,0.000,,,0.000,0,10
876,389.854000,0.000,,,0.000,0,10
877,389.864000,0.000,,,0.000,0,10
878,389.874000,0.000,,,0.000,0,10
879,389.884000,0.000,,,0.000,0,10
880,389.894000,0.000,,,0.000,0,10
881,389.904000,0.000,,,0.000,0,10
882,389.914000,0.000,,,0.000,0,10
883,389.924000,0.000,,,0.000,0,10
884,389.934000,0.000,,,0.000,0,10
885,389.944000,0.000,,,0.000,0,10
886,389.954000,0.000,,,0.000,0,10
887,389.964000,0.000,,,0.000,0,10
888,389.974000,0.000,,,0.000,0,10
889,389.984000,0.000,,,0.000,0,10
890,389.994000,0.000,,,0.000,0,8
891,390.004000,0.000,,,0.000,0,8
892,390.014000,0.000,,,0.000,0,8
893,390.024000,0.000,,,0.000,0,8
894,390.034000,0.000,,,0.000,0,8
895,390.044000,0.000,,,0.000,0,8
896,390.054000,0.000,,,0.000,0,8
897,390.064000,0.000,,,0.000,0,8
898,390.074000,0.000,,,0.000,0,8
899,390.084000,0.000,,,0.000,0,8
900,390.094000,0.000,,,0.000,0,8
901,390.104000,0.000,,,0.000,0,8
902,390.114000,0.000,,,0.000,0,8
903,390.124000,0.000,,,0.000,0,8
904,390.134000,0.000,,,0.000,0,8
905,390.144000,0.000,,,0.000,0,8
906,390.154000,0.000,,,0.000,0,8
907,390.164000,0.000,,,0.000,0,8
908,390.174000,0.250,2.446,2.446,0.000,0,8
909,390.184000,0.250,1.664,1.664,0.000,0,8
910,390.194000,0.250,0.882,0.882,0.000,0,8
911,390.204000,0.250,0.098,0.098,0.000,0,8
912,390.214000,0.250,0.688,0.688,0.000,0,8
913,390.224000,0.250,1.475,1.475,0.000,0,8
914,390.234000,0.200,2.263,2.263,0.000,0,10
915,390.244000,0.000,,,0.000,0,10
916,390.254000,0.000,,,0.000,0,10
917,390.264000,0.000,,,0.000,0,10
918,390.274000,0.000,,,0.000,0,10
919,390.284000,0.000,,,0.000,0,10
920,390.294000,0.000,,,0.000,0,10
921,390.304000,0.000,,,0.000,0,10
922,390.314000,0.000,,,0.000,0,10
923,390.324000,0.000,,,0.000,0,10
924,390.334000,0.000,,,0.000,0,10
925,390.344000,0.000,,,0.000,0,10
926,390.354000,0.000,,,0.000,0,10
927,390.364000,0.000,,,0.000,0,10
928,390.374000,0.000,,,0.000,0,10
929,390.384000,0.000,,,0.000,0,10
930,390.394000,0.000,,,0.000,0,10
931,390.404000,0.000,,,0.000,0,10
932,390.414000,0.000,,,0.000,0,10
933,390.424000,0.000,,,0.000,0,10
934,390.434000,0.000,,,0.000,0,10
935,390.444000,0.000,,,0.000,0,10
936,390.454000,0.000,,,0.000,0,10
937,390.464000,0.000,,,0.000,0,10
938,390.474000,0.000,,,0.000,0,10
939,390.484000,0.000,,,0.000,0,10
940,390.494000,0.000,,,0.000,0,10
941,390.504000,0.000,,,0.000,0,10
942,390.514000,0.000,,,0.000,0,12
943,390.524000,0.000,,,0.000,0,12
944,390.534000,0.000,,,0.000,0,12
945,390.544000,0.000,,,0.000,0,12
946,390.554000,0.000,,,0.000,0,12
947,390.564000,0.000,,,0.000,0,12
948,390.574000,0.000,,,0.000,0,12
949,390.584000,0.000,,,0.000,0,12
950,390.594000,0.000,,,0.000,0,12
951,390.604000,0.000,,,0.000,0,12
952,390.614000,0.000,,,0.000,0,12
953,390.624000,0.000,,,0.000,0,12
954,390.634000,0.000,,,0.000,0,12
955,390.644000,0.000,,,0.000,0,12
956,390.654000,0.000,,,0.000,0,14
957,390.664000,0.000,,,0.000,0,14
958,390.674000,0.000,,,0.000,0,14
959,390.684000,0.000,,,0.000,0,14
960,390.694000,0.000,,,0.000,0,14
961,390.704000,0.000,,,0.000,0,14
962,390.714000,0.000,,,0.000,0,14
963,390.724000,0.000,,,0.000,0,14
964,390.734000,0.000,,,0.000,0,14
965,390.744000,0.000,,,0.000,0,14
966,390.754000,0.000,,,0.000,0,14
967,390.764000,0.000,,,0.000,0,14
968,390.774000,0.000,,,0.000,0,14
969,390.784000,0.000,,,0.000,0,14
970,390.794000,0.000,,,0.000,0,16
971,390.804000,0.000,,,0.000,0,18
972,390.814000,0.000,,,0.000,0,18
973,390.824000,0.000,,,0.000,0,18
974,390.834000,0.000,,,0.000,0,16
975,390.844000,0.000,,,0.000,0,16
976,390.854000,0.000,,,0.000,0,16
977,390.864000,0.000,,,0.000,0,16
978,390.874000,0.000,,,0.000,0,16
979,390.884000,0.000,,,0.000,0,16
980,390.894000,0.000,,,0.000,0,16
981,390.904000,0.000,,,0.000,0,16
982,390.914000,0.000,,,0.000,0,16
983,390.924000,0.000,,,0.000,0,16
984,390.934000,0.000,,,0.000,0,16
985,390.944000,0.000,,,0.000,0,16
986,390.954000,0.000,,,0.000,0,16
987,390.964000,0.062,2.666,2.666,0.000,0,16
988,390.974000,0.125,1.778,1.778,0.000,0,16
989,390.984000,0.125,0.889,0.889,0.000,0,16
990,390.994000,0.125,0.004,0.004,0.000,0,16
991,391.004000,0.125,0.893,0.893,0.000,0,16
992,391.014000,0.125,1.786,1.786,0.000,0,16
993,391.024000,0.062,2.680,2.680,0.000,0,16
994,391.034000,0.000,,,0.000,0,16
995,391.044000,0.000,,,0.000,0,16
996,391.054000,0.000,,,0.000,0,16
997,391.064000,0.000,,,0.000,0,16
998,391.074000,0.000,,,0.000,0,16
999,391.084000,0.000,,,0.000,0,16
1000,391.094000,0.000,,,0.000,0,16
1001,391.104000,0.000,,,0.000,0,16
1002,391.114000,0.000,,,0.000,0,16
1003,391.124000,0.000,,,0.000,0,16
1004,391.134000,0.000,,,0.000,0,16
1005,391.144000,0.000,,,0.000,0,16
1006,391.154000,0.000,,,0.000,0,16
1007,391.164000,0.000,,,0.000,0,16
1008,391.174000,0.000,,,0.000,0,16
1009,391.184000,0.000,,,0.000,0,16
1010,391.194000,0.000,,,0.000,0,16
1011,391.204000,0.000,,,0.000,0,16
1012,391.214000,0.000,,,0.000,0,16
1013,391.224000,0.125,2.371,2.371,0.000,0,16
1014,391.234000,0.125,1.449,1.449,0.000,0,16
1015,391.244000,0.125,0.526,0.526,0.000,0,16
1016,391.254000,0.125,0.399,0.399,0.000,0,16
1017,391.264000,0.125,1.325,1.325,0.000,0,16
1018,391.274000,0.125,2.252,2.252,0.000,0,16
1019,391.284000,0.000,,,0.000,0,16
1020,391.294000,0.000,,,0.000,0,16
1021,391.304000,0.000,,,0.000,0,16
1022,391.314000,0.000,,,0.000,0,16
1023,391.324000,0.000,,,0.000,0,16
1024,391.334000,0.000,,,0.000,0,18
1025,391.344000,0.000,,,0.000,0,18
1026,391.354000,0.000,,,0.000,0,18
1027,391.364000,0.000,,,0.000,0,18
1028,391.374000,0.000,,,0.000,0,18
1029,391.384000,0.000,,,0.000,0,18
1030,391.394000,0.000,,,0.000,0,18
1031,391.404000,0.000,,,0.000,0,18
1032,391.414000,0.000,,,0.000,0,18
1033,391.424000,0.000,,,0.000,0,18
1034,391.434000,0.000,,,0.000,0,18
1035,391.444000,0.000,,,0.000,0,18
1036,391.454000,0.000,,,0.000,0,18
1037,391.464000,0.000,,,0.000,0,20
1038,391.474000,0.000,,,0.000,0,20
1039,391.484000,0.000,,,0.000,0,20
1040,391.494000,0.000,,,0.000,0,20
1041,391.504000,0.000,,,0.000,0,20
1042,391.514000,0.000,,,0.000,0,20
1043,391.524000,0.000,,,0.000,0,20
1044,391.534000,0.000,,,0.000,0,20
1045,391.544000,0.000,,,0.000,0,18
1046,391.554000,0.000,,,0.000,0,18
1047,391.564000,0.000,,,0.000,0,18
1048,391.574000,0.000,,,0.000,0,18
1049,391.584000,0.000,,,0.000,0,18
1050,391.594000,0.000,,,0.000,0,18
1051,391.604000,0.000,,,0.000,0,18
1052,391.614000,0.000,,,0.000,0,18
1053,391.624000,0.000,,,0.000,0,18
1054,391.634000,0.000,,,0.000,0,18
1055,391.644000,0.000,,,0.000,0,18
1056,391.654000,0.000,,,0.000,0,18
1057,391.664000,0.000,,,0.000,0,18
1058,391.674000,0.000,,,0.000,0,18
1059,391.684000,0.000,,,0.000,0,18
1060,391.694000,0.000,,,0.000,0,18
1061,391.704000,0.000,,,0.000,0,18
1062,391.714000,0.000,,,0.000,0,18
1063,391.724000,0.000,,,0.000,0,18
1064,391.734000,0.000,,,0.000,0,16
1065,391.744000,0.000,,,0.000,0,18
1066,391.754000,0.000,,,0.000,0,18
1067,391.764000,0.000,,,0.000,0,18
1068,391.774000,0.000,,,0.000,0,18
1069,391.784000,0.000,,,0.000,0,18
1070,391.794000,0.000,,,0.000,0,18
1071,391.804000,0.000,,,0.000,0,18
1072,391.814000,0.000,,,0.000,0,18
1073,391.824000,0.000,,,0.000,0,18
1074,391.834000,0.000,,,0.000,0,18
1075,391.844000,0.056,2.742,2.742,0.000,1,18
1076,391.854000,0.111,1.739,1.739,0.000,2,18
1077,391.864000,0.111,0.736,0.736,0.000,2,18
1078,391.874000,0.111,0.269,0.269,0.000,2,18
1079,391.884000,0.111,1.275,1.275,0.000,2,18
1080,391.894000,0.111,2.283,2.283,0.000,2,18
1081,391.904000,0.000,,,0.000,0,18
1082,391.914000,0.000,,,0.000,0,18
1083,391.924000,0.000,,,0.000,0,18
1084,391.934000,0.000,,,0.000,0,18
1085,391.944000,0.000,,,0.000,0,18
1086,391.954000,0.000,,,0.000,0,18
1087,391.964000,0.000,,,0.000,0,18
1088,391.974000,0.000,,,0.000,0,18
1089,391.984000,0.000,,,0.000,0,18
1090,391.994000,0.000,,,0.000,0,18
1091,392.004000,0.000,,,0.000,0,18
1092,392.014000,0.000,,,0.000,0,18
1093,392.024000,0.000,,,0.000,0,18
1094,392.034000,0.000,,,0.000,0,18
1095,392.044000,0.000,,,0.000,0,18
1096,392.054000,0.000,,,0.000,0,18
1097,392.064000,0.000,,,0.000,0,16
1098,392.074000,0.000,,,0.000,0,16
1099,392.084000,0.000,,,0.000,0,16
1100,392.094000,0.000,,,0.000,0,16
1101,392.104000,0.000,,,0.000,0,16
1102,392.114000,0.000,,,0.000,0,16
1103,392.124000,0.000,,,0.000,0,16
1104,392.134000,0.000,,,0.000,0,16
1105,392.144000,0.000,,,0.000,0,16
1106,392.154000,0.000,,,0.000,0,16
1107,392.164000,0.000,,,0.000,0,16
1108,392.174000,0.000,,,0.000,0,16
1109,392.184000,0.071,2.946,2.946,0.000,0,14
1110,392.194000,0.143,1.900,1.900,0.000,0,14
1111,392.204000,0.143,0.854,0.854,0.000,0,14
1112,392.214000,0.143,0.195,0.195,0.000,0,14
1113,392.224000,0.143,1.244,1.244,0.000,0,14
1114,392.234000,0.143,2.294,2.294,0.000,0,14
1115,392.244000,0.000,,,0.000,0,14
1116,392.254000,0.000,,,0.000,0,14
1117,392.264000,0.000,,,0.000,0,14
1118,392.274000,0.000,,,0.000,0,14
1119,392.284000,0.000,,,0.000,0,14
1120,392.294000,0.000,,,0.000,0,14
1121,392.304000,0.000,,,0.000,0,14
1122,392.314000,0.000,,,0.000,0,14
1123,392.324000,0.000,,,0.000,0,14
1124,392.334000,0.000,,,0.000,0,14
1125,392.344000,0.000,,,0.000,0,14
1126,392.354000,0.000,,,0.000,0,12
1127,392.364000,0.000,,,0.000,0,12
1128,392.374000,0.000,,,0.000,0,12
1129,392.384000,0.000,,,0.000,0,12
1130,392.394000,0.000,,,0.000,0,10
1131,392.404000,0.000,,,0.000,0,10
1132,392.414000,0.000,,,0.000,0,10
1133,392.424000,0.000,,,0.000,0,10
1134,392.434000,0.000,,,0.000,0,10
1135,392.444000,0.000,,,0.000,0,10
1136,392.454000,0.000,,,0.000,0,10
1137,392.464000,0.000,,,0.000,0,10
1138,392.474000,0.000,,,0.000,0,10
1139,392.484000,0.000,,,0.000,0,10
1140,392.494000,0.000,,,0.000,0,10
1141,392.504000,0.000,,,0.000,0,10
1142,392.514000,0.000,,,0.000,0,10
1143,392.524000,0.000,,,0.000,0,10
1144,392.534000,0.000,,,0.000,0,10
1145,392.544000,0.000,,,0.000,0,10
1146,392.554000,0.000,,,0.000,0,10
1147,392.564000,0.000,,,0.000,0,10
1148,392.574000,0.000,,,0.000,0,10
1149,392.584000,0.000,,,0.000,0,10
1150,392.594000,0.000,,,0.000,0,10
1151,392.604000,0.000,,,0.000,0,10
1152,392.614000,0.000,,,0.000,0,10
1153,392.624000,0.000,,,0.000,0,10
1154,392.634000,0.000,,,0.000,0,10
1155,392.644000,0.000,,,0.000,0,10
1156,392.654000,0.000,,,0.000,0,10
1157,392.664000,0.000,,,0.000,0,10
1158,392.674000,0.000,,,0.000,0,10
1159,392.684000,0.000,,,0.000,0,10
1160,392.694000,0.000,,,0.000,0,12
1161,392.704000,0.000,,,0.000,0,12
1162,392.714000,0.000,,,0.000,0,12
1163,392.724000,0.000,,,0.000,0,12
1164,392.734000,0.000,,,0.000,0,12
1165,392.744000,0.000,,,0.000,0,10
1166,392.754000,0.000,,,0.000,0,10
1167,392.764000,0.000,,,0.000,0,10
1168,392.774000,0.000,,,0.000,0,10
1169,392.784000,0.000,,,0.000,0,10
1170,392.794000,0.000,,,0.000,0,10
1171,392.804000,0.000,,,0.000,0,10
1172,392.814000,0.000,,,0.000,0,10
1173,392.824000,0.000,,,0.000,0,10
1174,392.834000,0.000,,,0.000,0,10
1175,392.844000,0.000,,,0.000,0,10
1176,392.854000,0.000,,,0.000,0,10
1177,392.864000,0.000,,,0.000,0,10
1178,392.874000,0.000,,,0.000,0,10
1179,392.884000,0.000,,,0.000,0,10
1180,392.894000,0.000,,,0.000,0,10
1181,392.904000,0.000,,,0.000,0,10
1182,392.914000,0.000,,,0.000,0,10
1183,392.924000,0.000,,,0.000,0,10
1184,392.934000,0.000,,,0.000,0,10
1185,392.944000,0.000,,,0.000,0,10
1186,392.954000,0.000,,,0.000,0,10
1187,392.964000,0.000,,,0.000,0,10
1188,392.974000,0.000,,,0.000,0,10
1189,392.984000,0.000,,,0.000,0,10
1190,392.994000,0.000,,,0.000,0,10
1191,393.004000,0.000,,,0.000,0,10
1192,393.014000,0.000,,,0.000,0,8
1193,393.024000,0.000,,,0.000,0,8
1194,393.034000,0.000,,,0.000,0,6
1195,393.044000,0.000,,,0.000,0,6
1196,393.054000,0.000,,,0.000,0,6
1197,393.064000,0.000,,,0.000,0,6
1198,393.074000,0.000,,,0.000,0,6
1199,393.084000,0.000,,,0.000,0,6
1200,393.094000,0.167,2.717,2.717,0.000,0,6
1201,393.104000,0.667,1.560,1.560,0.000,0,6
1202,393.114000,0.667,0.401,0.401,0.000,0,6
1203,393.124000,0.667,0.759,0.759,0.000,0,6
1204,393.134000,0.667,1.921,1.921,0.000,0,6
1205,393.144000,0.000,,,0.000,0,6
1206,393.154000,0.000,,,0.000,0,6
1207,393.164000,0.000,,,0.000,0,6
1208,393.174000,0.000,,,0.000,0,6
1209,393.184000,0.000,,,0.000,0,6
1210,393.194000,0.000,,,0.000,0,6
1211,393.204000,0.000,,,0.000,0,6
1212,393.214000,0.000,,,0.000,0,6
1213,393.224000,0.000,,,0.000,0,6
1214,393.234000,0.000,,,0.000,0,6
1215,393.244000,0.000,,,0.000,0,6
1216,393.254000,0.000,,,0.000,0,6
1217,393.264000,0.000,,,0.000,0,6
1218,393.274000,0.000,,,0.000,0,6
1219,393.284000,0.000,,,0.000,0,6
1220,393.294000,0.000,,,0.000,0,6
1221,393.304000,0.000,,,0.000,0,6
1222,393.314000,0.000,,,0.000,0,6
1223,393.324000,0.000,,,0.000,0,6
1224,393.334000,0.667,0.006,0.006,0.000,0,18
1225,393.344000,0.667,0.005,0.005,0.000,0,18
1226,393.354000,0.667,0.004,0.004,0.000,0,18
1227,393.364000,0.667,0.007,0.008,0.000,0,18
1228,393.374000,0.667,0.013,0.014,0.000,0,18
1229,393.424000,0.667,0.068,0.069,0.000,0,18
1230,393.434000,0.667,0.084,0.084,0.000,0,18
1231,393.524000,0.667,0.291,0.292,0.000,0,18
1232,393.534000,0.667,0.317,0.318,0.000,0,18
1233,393.584000,0.667,0.325,0.325,0.000,0,18
1234,393.624000,0.667,0.325,0.325,0.000,0,18
1235,393.694000,0.667,0.325,0.325,0.000,0,18
1236,393.724000,0.667,0.325,0.325,0.000,0,18
1237,393.774000,0.667,0.325,0.325,0.000,0,18
1238,393.824000,0.667,0.325,0.325,0.000,0,18
1239,393.894000,0.667,0.325,0.325,0.000,0,18
1240,393.924000,0.667,0.325,0.325,0.000,0,18
1241,394.024000,0.667,0.325,0.325,0.000,0,18
1242,394.034000,0.667,0.325,0.325,0.000,0,18
1243,394.124000,0.667,0.325,0.325,0.000,0,18
1244,394.154000,0.667,0.325,0.325,0.000,0,18
1245,394.224000,0.667,0.325,0.325,0.000,0,18
1246,394.294000,0.667,0.325,0.325,0.000,0,18
1247,394.334000,0.667,0.325,0.325,0.000,0,18
1248,394.424000,0.667,0.325,0.325,0.000,0,18
1249,394.524000,0.667,0.325,0.325,0.000,0,18
1250,394.594000,0.667,0.325,0.325,0.000,0,18
1251,394.624000,0.667,0.325,0.325,0.000,0,18
1252,394.724000,0.667,0.325,0.325,0.000,0,18
1253,394.734000,0.667,0.325,0.325,0.000,0,18
1254,394.824000,0.667,0.325,0.325,0.000,0,18
1255,394.834000,0.667,0.325,0.325,0.000,0,18
1256,394.924000,0.667,0.325,0.325,0.000,0,18
